age	population
66.11.2.1	30
69.1.53.8	1
70.86.2.2	6
74.6.7.74	1
74.6.8.77	51
77.68.5.8	24
84.9.8.47	6
12.6.81.43	5
157.84.1.3	14
24.8.50.44	1
61.84.0.13	23
62.2.98.66	48
62.34.16.5	1
62.8.109.2	2
63.87.37.4	17
64.7.28.70	2
65.213.8.3	3
66.82.9.53	14
67.62.99.2	1
67.71.24.6	1
68.42.25.4	2
69.150.3.8	2
69.9.31.40	9
74.4.20.46	2
74.53.55.2	2
74.6.19.82	2
74.6.20.36	1
74.6.20.45	3
74.6.20.74	2
74.6.20.77	2
74.6.22.32	1
74.6.23.25	3
74.6.23.70	2
74.6.23.80	4
74.6.24.10	1
74.6.24.15	2
74.6.24.24	1
74.6.24.27	1
74.6.24.73	1
74.6.25.16	2
74.6.26.13	1
74.6.26.22	3
74.6.26.39	1
74.6.27.14	1
74.6.28.23	3
74.6.28.24	2
74.6.28.40	2
74.6.28.74	1
74.6.29.23	2
74.6.29.42	3
74.6.29.49	1
74.6.7.105	2
74.6.7.114	1
74.6.7.119	1
74.6.8.126	3
74.66.84.3	2
74.7.4.170	24
75.6.11.10	34
75.9.49.47	3
78.55.1.19	24
79.65.40.8	1
80.4.9.243	1
80.75.5.99	1
81.65.2.20	32
81.79.84.8	3
81.86.64.7	1
81.9.31.70	2
83.9.13.81	1
85.12.68.1	2
85.178.8.4	1
86.3.52.24	40
87.8.82.85	24
88.1.21.14	2
88.227.7.3	3
12.1.224.50	1
12.2.86.138	2
12.25.104.7	1
12.32.90.54	1
12.4.26.248	1
12.41.204.3	1
121.1.46.10	1
130.92.9.58	1
144.95.32.9	15
152.3.21.51	24
156.98.4.11	1
189.1.132.2	41
192.55.2.36	6
192.85.47.2	1
193.47.81.7	26
195.93.21.6	1
195.93.21.7	1
195.98.29.3	1
199.22.57.2	1
20.133.0.13	1
200.7.41.13	1
201.11.46.2	1
202.7.94.93	2
204.28.29.2	3
209.47.31.7	3
209.6.140.9	1
209.68.2.50	1
210.8.242.9	2
213.29.7.12	1
213.29.7.70	1
213.42.2.24	12
216.0.93.42	1
216.84.6.26	2
217.199.7.1	27
217.91.23.1	23
218.61.16.8	3
41.225.0.12	2
58.6.98.182	2
59.103.9.91	1
59.93.83.34	2
59.96.93.33	1
60.230.6.34	2
60.49.83.27	1
61.19.231.4	1
61.40.48.15	1
61.64.47.96	1
61.78.198.2	4
62.1.241.97	1
62.2.136.98	1
62.213.52.2	1
62.230.1.80	15
62.47.18.32	2
62.5.162.60	8
62.54.4.138	3
62.58.96.54	1
63.87.195.5	2
64.105.38.2	23
64.25.83.83	2
64.42.65.34	1
64.47.75.82	6
64.86.25.92	20
64.9.80.102	53
65.16.8.139	2
65.19.10.58	2
65.30.85.72	1
65.8.168.85	4
65.95.70.67	2
65.98.224.5	7
66.156.71.5	2
66.20.27.68	3
66.55.5.194	2
66.7.197.76	2
66.92.48.21	23
67.19.18.22	3
67.69.165.3	23
67.80.53.71	68
67.85.25.69	63
68.15.16.76	1
68.33.21.27	24
68.5.250.41	11
68.54.12.68	2
68.89.22.97	24
68.90.46.51	4
68.91.54.10	24
69.19.14.26	13
69.19.14.28	14
69.2.232.30	32
69.20.9.236	7
69.46.20.83	2
69.5.76.147	4
69.64.64.78	1
69.92.71.39	25
69.93.56.82	18
70.90.51.41	1
71.114.21.3	9
71.120.25.4	7
71.252.41.5	2
71.58.213.4	2
72.1.195.26	2
72.21.52.98	2
72.22.86.11	2
72.233.5.58	2
72.30.215.8	2
72.30.215.9	1
72.54.66.65	23
72.89.89.24	46
72.90.92.86	4
74.10.11.10	1
74.57.68.22	19
74.6.19.143	7
74.6.19.145	1
74.6.19.147	5
74.6.19.156	1
74.6.19.160	1
74.6.19.166	1
74.6.19.168	8
74.6.19.201	1
74.6.19.202	1
74.6.19.214	3
74.6.19.218	1
74.6.19.222	2
74.6.19.223	2
74.6.19.235	3
74.6.20.101	1
74.6.20.120	2
74.6.20.136	2
74.6.20.169	1
74.6.20.201	2
74.6.20.226	2
74.6.22.206	1
74.6.22.215	2
74.6.22.228	1
74.6.23.111	1
74.6.23.126	1
74.6.23.148	1
74.6.23.212	2
74.6.24.121	7
74.6.24.134	3
74.6.24.156	2
74.6.24.167	2
74.6.24.173	1
74.6.24.213	1
74.6.24.216	1
74.6.24.231	2
74.6.25.117	1
74.6.25.125	3
74.6.25.136	1
74.6.25.138	12
74.6.25.142	3
74.6.25.166	1
74.6.25.215	2
74.6.25.227	1
74.6.26.112	1
74.6.26.123	2
74.6.26.156	3
74.6.26.160	1
74.6.26.199	1
74.6.26.207	1
74.6.26.216	2
74.6.26.222	1
74.6.27.103	2
74.6.27.109	1
74.6.27.123	1
74.6.28.121	3
74.6.28.146	2
74.6.28.149	1
74.6.28.151	1
74.6.28.171	1
74.6.28.198	2
74.6.28.204	1
74.6.28.209	1
74.6.28.212	3
74.6.28.232	3
74.6.31.135	6
74.6.31.160	3
74.71.87.48	2
74.75.48.16	5
75.18.51.94	2
75.37.46.70	3
75.39.92.47	24
75.65.81.83	27
75.83.2.148	3
75.95.64.32	2
76.18.123.4	3
76.223.2.90	2
76.25.98.33	1
76.28.45.98	3
76.4.161.68	2
76.86.54.28	69
76.88.88.53	2
77.233.12.2	2
77.73.51.20	8
77.84.0.190	24
77.88.27.25	61
77.99.145.7	2
78.0.139.80	3
78.114.50.6	2
78.24.218.9	2
78.37.20.13	2
78.4.99.106	23
78.48.36.27	2
78.5.122.14	85
78.52.62.30	27
78.53.81.92	2
78.86.3.207	1
79.14.4.133	3
79.20.99.78	1
80.13.6.192	1
80.38.95.57	2
80.45.7.100	23
80.73.0.193	1
80.89.3.209	69
80.93.48.60	1
81.19.67.14	2
81.2.67.203	26
81.4.160.82	3
81.5.178.25	11
81.72.23.96	1
81.83.17.38	2
82.16.56.19	2
82.162.36.2	24
82.23.32.36	2
82.233.1.27	1
82.45.88.19	1
82.48.248.4	2
82.48.68.94	2
82.50.49.62	1
82.50.53.56	3
82.52.50.83	2
82.52.55.21	1
82.52.55.54	13
82.59.64.43	1
82.60.48.94	2
82.65.40.76	2
83.199.6.11	1
83.219.15.3	2
83.64.213.7	2
83.67.33.24	23
84.0.198.16	1
84.18.12.17	4
84.2.153.33	2
84.2.193.44	1
84.28.6.188	2
84.61.95.30	2
84.62.5.180	23
84.67.48.27	3
84.92.64.35	25
84.99.41.10	26
85.0.145.61	2
85.113.32.7	1
85.127.68.7	2
85.18.66.17	3
85.20.34.33	3
85.22.9.199	99
85.226.2.55	1
85.26.2.212	1
85.5.161.63	29
85.74.64.65	47
86.13.10.70	24
86.211.33.4	44
86.6.14.219	6
86.72.18.39	2
86.94.33.80	48
87.0.45.117	1
87.118.70.8	2
87.14.85.98	23
87.2.113.34	2
87.4.111.80	1
87.4.118.11	1
87.4.16.146	25
87.5.113.34	1
87.5.126.34	2
87.5.29.144	1
87.99.0.147	3
87.99.79.90	6
87.99.79.91	6
87.99.79.92	6
87.99.79.93	6
87.99.79.94	6
88.88.50.65	48
89.134.1.86	1
89.3.166.93	2
89.54.82.43	1
89.6.139.88	24
89.80.83.97	4
89.88.77.24	2
90.1.102.53	3
90.1.45.163	38
90.187.4.24	23
90.193.28.3	1
90.240.9.78	34
90.35.40.74	1
90.5.204.41	2
90.7.11.109	2
90.80.4.221	1
91.178.81.9	1
96.225.78.5	24
117.7.168.11	14
117.7.168.12	10
117.7.173.33	1
117.7.173.47	8
117.96.19.62	2
12.110.58.10	1
12.160.50.20	26
12.178.36.25	14
12.30.80.194	2
12.41.189.99	3
12.49.132.24	2
12.6.138.139	44
121.14.76.96	1
121.14.76.97	1
121.35.56.70	1
121.9.209.17	25
122.105.5.40	1
123.20.84.80	1
128.36.47.68	29
130.60.55.93	2
130.76.64.16	1
132.246.2.19	24
134.174.21.2	26
142.46.14.98	3
144.58.54.84	2
145.7.182.14	2
146.23.68.25	1
147.72.234.5	24
149.155.96.6	1
151.23.65.39	1
151.33.35.13	2
151.83.5.216	4
151.97.68.12	18
156.83.1.251	1
159.87.116.4	1
161.40.16.94	1
162.23.4.126	1
162.39.204.3	22
170.202.22.1	1
170.66.1.155	1
171.69.83.91	1
189.18.78.81	3
189.24.57.80	73
189.27.128.4	3
190.64.92.40	26
190.95.9.221	27
192.248.40.6	2
193.225.60.3	1
193.47.80.49	2
193.47.80.77	4
193.51.43.17	4
193.95.83.99	1
194.226.86.5	2
194.90.160.1	22
195.0.101.41	1
195.16.56.13	4
195.161.7.61	1
195.2.114.32	1
195.6.25.115	1
195.60.161.2	2
195.93.60.33	1
196.25.52.36	1
198.68.16.40	6
199.227.3.10	4
199.227.3.35	2
199.227.3.45	3
199.26.180.1	5
200.154.52.7	3
200.63.213.2	1
201.242.81.2	2
201.51.63.81	3
201.95.80.38	1
202.156.13.1	3
202.156.13.3	23
202.180.83.6	2
202.32.73.47	1
202.63.165.7	29
202.7.89.147	3
202.70.39.58	33
202.87.11.45	23
202.9.18.174	22
203.106.1.98	2
203.147.0.30	1
204.16.11.58	23
204.191.57.2	1
204.194.77.3	2
204.63.34.15	1
206.53.51.77	12
207.219.61.2	23
208.250.9.26	1
208.70.28.49	1
208.70.28.82	1
208.70.29.96	1
208.70.29.98	1
209.6.126.36	24
209.6.214.29	1
209.8.20.194	1
210.0.220.91	22
210.22.15.10	1
210.4.22.188	4
210.54.88.96	1
210.8.216.82	46
212.172.72.1	4
212.2.24.234	1
212.27.60.48	27
212.32.82.93	2
212.44.92.18	1
212.71.24.15	2
213.130.7.30	2
213.130.7.85	2
213.130.7.89	4
213.140.6.99	3
213.253.45.9	25
213.42.21.53	2
213.42.21.59	52
213.42.21.60	2
213.53.8.194	1
216.177.89.8	3
216.75.13.27	1
217.21.255.4	1
217.21.33.60	2
217.250.90.4	22
217.33.19.50	2
217.41.0.138	1
217.42.60.79	2
217.43.74.91	23
217.66.89.98	1
218.186.8.11	2
220.181.5.33	1
24.13.38.111	2
24.138.26.99	24
24.139.94.58	4
24.14.100.19	2
24.14.37.103	1
24.14.94.139	24
24.147.68.62	2
24.179.20.42	2
24.218.123.3	2
24.218.58.67	50
24.22.29.106	1
24.226.68.63	2
24.230.38.90	24
24.24.143.22	23
24.3.186.137	2
24.38.198.44	5
24.59.98.224	2
24.60.200.31	2
24.76.175.81	24
24.76.228.13	2
24.94.88.165	3
24.95.150.33	23
38.96.193.64	1
38.98.120.80	17
38.99.44.103	2
41.221.17.98	1
57.66.197.36	16
58.68.35.155	3
58.7.115.250	1
59.164.34.69	2
59.92.120.90	1
59.96.46.157	10
60.28.164.89	1
60.28.194.14	4
60.28.197.96	4
60.31.10.241	23
60.49.69.254	26
60.50.152.79	1
60.50.38.138	22
60.51.32.232	1
61.142.81.37	1
61.229.125.7	2
62.10.16.169	2
62.149.67.49	1
62.158.39.90	49
62.2.240.156	2
62.212.121.1	24
62.3.227.216	1
62.30.197.18	2
62.47.15.175	28
62.60.98.134	20
62.68.61.106	2
62.92.45.215	5
63.123.238.8	2
63.163.80.74	2
63.195.15.50	1
63.204.27.13	2
63.64.13.117	25
63.77.244.13	2
64.12.117.17	1
64.124.85.75	2
64.124.85.78	2
64.129.227.2	1
64.180.180.5	23
64.183.45.58	2
64.239.7.216	1
64.62.112.74	23
64.65.187.18	1
65.167.30.82	2
65.213.86.66	1
65.214.44.29	55
65.214.45.26	20
65.25.46.112	2
65.27.236.66	2
65.30.23.197	2
65.40.31.250	4
65.40.42.220	3
65.55.165.36	2
65.55.208.72	4
65.55.208.73	4
65.55.208.74	8
65.55.208.75	15
65.55.208.76	5
65.55.208.77	6
65.55.212.51	15
65.55.252.16	2
65.6.181.190	2
65.64.204.65	3
65.7.143.183	27
65.93.140.39	1
66.0.235.122	1
66.119.4.242	2
66.124.79.33	2
66.127.32.50	7
66.143.71.61	26
66.151.181.4	3
66.205.91.58	2
66.245.193.2	23
66.246.72.81	1
66.249.67.78	41
66.46.212.10	26
66.72.192.46	3
66.72.201.14	3
66.74.202.18	1
66.90.73.131	6
66.99.61.254	1
67.159.41.98	1
67.172.112.9	1
67.174.15.54	1
67.177.18.69	1
67.180.9.153	26
67.188.207.8	3
67.19.111.42	1
67.198.44.57	32
67.42.93.121	1
67.8.173.212	1
67.87.53.159	1
68.0.114.199	2
68.11.245.28	6
68.12.175.50	1
68.166.19.44	3
68.210.35.23	1
68.210.35.83	2
68.3.212.110	2
68.39.35.223	4
68.4.153.175	2
68.41.28.128	23
68.47.208.88	1
68.75.208.54	3
68.79.133.94	2
68.88.200.13	24
68.88.201.19	1
69.120.14.97	2
69.124.110.4	24
69.137.55.66	74
69.137.96.88	50
69.157.85.61	2
69.181.74.36	34
69.225.89.90	30
69.253.217.8	3
69.28.135.99	1
69.64.33.241	20
69.70.123.26	71
69.89.31.144	6
70.105.96.41	2
70.176.89.65	1
70.180.60.78	27
70.247.96.93	3
70.43.26.187	45
70.45.59.232	22
70.50.153.95	2
70.83.252.47	1
70.84.202.42	2
70.87.179.90	16
71.141.69.14	2
71.176.66.35	4
71.185.35.58	26
71.188.33.78	2
71.201.70.56	2
71.202.6.134	23
71.239.11.12	24
71.38.24.135	2
71.48.237.81	2
71.49.22.219	23
71.58.209.92	2
71.59.114.11	22
71.59.51.190	5
71.62.208.34	3
71.79.21.167	1
71.81.50.184	48
71.86.32.195	2
71.98.221.39	2
72.10.121.69	24
72.12.56.242	2
72.14.194.21	4
72.16.214.90	1
72.16.54.114	1
72.171.0.138	30
72.185.164.0	14
72.30.215.10	2
72.30.215.12	3
72.30.215.13	2
72.30.215.14	4
72.30.215.17	2
72.30.215.22	2
72.30.215.26	4
72.30.215.77	1
72.30.215.78	1
72.30.215.79	4
72.30.215.80	1
72.30.215.81	3
72.30.215.83	1
72.30.215.84	1
72.30.215.85	1
72.30.215.86	4
72.30.215.87	3
72.30.215.88	3
72.30.215.89	5
72.30.215.90	1
72.30.215.92	2
72.30.215.94	4
72.30.215.97	2
72.30.215.99	2
72.36.246.54	2
72.39.27.202	4
72.40.82.242	1
72.44.44.119	2
72.51.228.19	2
72.71.55.123	4
72.74.237.90	1
72.78.122.91	5
72.89.171.66	24
72.90.85.198	4
72.90.92.104	4
72.90.92.243	9
72.90.93.239	5
72.91.232.59	24
74.12.188.84	4
74.129.26.78	1
74.210.96.51	2
74.36.67.230	1
74.37.66.119	1
74.53.35.242	1
74.53.45.178	7
74.57.212.19	1
74.58.99.237	25
74.68.34.210	25
75.125.74.66	3
75.126.102.3	8
75.126.74.68	1
75.164.68.87	2
75.36.178.73	24
75.43.48.182	23
75.45.115.95	2
75.45.245.24	2
75.68.157.92	2
75.84.249.77	3
76.126.0.178	24
76.14.13.194	3
76.16.37.194	24
76.171.34.85	3
76.178.62.49	4
76.187.21.39	2
76.20.45.129	6
76.27.15.165	24
76.30.84.181	23
76.31.35.177	2
76.4.175.114	1
76.65.22.146	2
76.90.74.223	5
76.91.28.156	1
76.97.216.48	5
77.105.6.223	5
77.131.70.40	2
77.177.149.5	1
77.204.60.48	2
77.209.49.61	1
77.244.44.50	2
77.49.48.239	1
77.54.71.239	3
77.56.90.248	51
77.8.144.177	25
77.91.224.11	5
77.91.224.21	5
78.106.33.67	2
78.32.83.113	28
78.51.101.22	5
78.56.194.64	2
78.86.118.28	2
78.86.43.126	2
78.98.32.166	4
78.98.86.171	1
79.126.3.232	2
79.14.38.209	28
79.140.0.202	1
79.181.88.51	1
79.69.229.52	24
8.10.179.162	12
80.129.75.81	1
80.150.2.134	1
80.170.75.56	1
80.177.18.10	2
80.187.101.2	2
80.229.39.32	3
80.255.74.14	44
80.33.14.128	4
80.34.85.143	1
80.42.169.54	1
80.58.205.38	3
80.64.152.57	1
80.68.252.74	1
80.69.218.99	1
80.73.91.185	35
80.79.80.249	1
80.81.40.119	1
80.85.181.79	2
80.86.246.74	3
80.89.128.98	37
80.92.96.250	1
80.96.28.219	2
81.104.40.52	2
81.106.3.182	1
81.138.3.132	1
81.146.24.19	1
81.155.5.124	2
81.19.67.112	1
81.208.36.87	2
81.208.57.20	1
81.249.49.75	2
81.52.143.15	22
81.52.143.16	6
81.57.26.155	20
81.6.244.240	9
81.6.247.156	2
81.62.137.93	2
81.62.228.49	23
81.64.119.21	23
81.67.64.232	2
81.69.155.44	2
81.77.70.152	34
81.80.23.133	45
81.80.48.246	23
81.97.20.215	28
82.103.135.7	2
82.106.27.30	1
82.111.229.2	4
82.127.3.118	1
82.133.21.82	48
82.135.33.66	2
82.138.22.84	27
82.146.53.28	12
82.161.66.83	2
82.169.6.242	24
82.182.35.90	2
82.20.124.30	2
82.246.30.33	1
82.3.233.176	25
82.36.197.92	33
82.40.166.67	47
82.45.209.96	3
82.46.92.179	2
82.48.67.171	1
82.48.71.119	1
82.50.49.149	1
82.51.109.68	1
82.53.67.149	1
82.58.67.120	4
82.60.49.129	3
82.61.133.47	22
82.65.92.166	2
82.68.82.124	3
82.69.182.22	49
82.71.23.247	4
82.72.59.251	24
82.76.46.149	1
82.83.107.47	23
82.84.26.181	1
82.90.57.125	35
83.115.5.197	25
83.13.217.42	23
83.131.72.87	2
83.161.52.28	31
83.180.96.47	3
83.19.33.107	1
83.20.13.130	1
83.20.237.76	2
83.20.246.70	24
83.201.51.27	2
83.36.51.197	127
83.5.130.226	4
83.68.75.199	9
83.71.209.58	24
83.77.197.26	24
83.81.45.182	5
83.91.166.40	4
84.0.137.142	16
84.0.137.189	1
84.0.137.225	1
84.119.4.249	3
84.12.51.201	1
84.132.41.86	32
84.132.44.74	2
84.132.8.251	16
84.141.88.87	1
84.148.33.92	23
84.150.92.35	3
84.153.209.2	1
84.194.66.15	2
84.20.173.21	1
84.20.18.175	1
84.217.79.21	24
84.29.96.116	24
84.47.51.203	26
84.48.150.59	23
84.53.236.84	2
84.59.113.75	2
84.60.122.43	2
84.62.21.130	35
84.72.168.51	1
84.73.92.118	2
84.75.220.91	27
84.78.207.57	1
84.79.134.90	3
84.9.113.215	2
84.92.40.145	2
84.97.13.213	1
84.97.179.95	24
84.99.208.25	51
85.0.146.228	1
85.10.199.48	1
85.105.205.8	24
85.105.8.193	3
85.178.75.39	1
85.185.6.131	1
85.2.199.115	1
85.21.220.98	2
85.210.42.61	4
85.219.2.111	2
85.22.10.240	23
85.28.72.144	1
85.29.235.78	5
85.32.154.82	1
85.34.235.25	1
85.5.198.242	23
85.66.12.156	1
85.75.163.86	24
85.94.228.86	5
85.96.253.77	16
86.11.92.195	2
86.111.15.50	25
86.137.59.80	2
86.146.89.46	2
86.16.42.166	48
86.162.37.43	24
86.2.172.225	49
86.200.38.80	3
86.216.11.57	2
86.62.108.49	2
86.64.172.14	71
86.64.74.125	75
86.69.53.209	48
86.76.87.119	22
86.77.245.79	2
86.91.54.201	1
86.94.240.54	38
87.126.33.57	2
87.14.171.84	24
87.175.219.7	2
87.187.65.62	1
87.187.93.77	1
87.19.125.59	122
87.20.47.244	2
87.230.5.240	1
87.242.76.68	5
87.29.219.88	22
87.3.202.197	47
87.51.46.229	1
87.6.246.117	47
87.65.18.223	1
87.66.92.138	25
87.67.102.22	1
87.78.59.178	70
87.79.191.77	23
87.91.68.194	2
87.99.111.35	5
88.126.19.86	23
88.131.81.18	59
88.160.25.37	2
88.178.102.9	2
88.194.0.252	51
88.217.6.233	1
88.218.191.5	2
88.22.179.49	1
88.27.132.78	27
88.34.228.34	1
88.35.45.169	14
88.61.44.233	53
88.65.236.85	23
88.70.31.203	1
88.89.204.43	93
88.9.199.143	2
88.96.19.234	3
89.1.196.123	5
89.108.67.51	1
89.110.31.68	1
89.12.201.71	22
89.20.107.40	1
89.20.86.229	4
89.221.100.3	59
89.222.174.1	1
89.252.70.88	1
89.3.231.168	2
89.48.13.207	1
89.48.18.183	2
89.48.204.63	1
89.77.80.163	4
90.0.218.189	27
90.12.15.195	1
90.206.43.74	2
90.21.40.234	23
90.24.98.180	27
90.33.124.57	13
90.33.240.21	22
90.39.235.85	24
90.49.94.176	45
90.7.142.168	76
91.10.98.219	23
91.13.197.95	2
91.23.236.50	24
91.39.156.74	23
91.5.150.159	30
91.64.183.70	27
96.224.33.32	24
98.194.31.65	1
98.200.96.15	2
99.226.95.26	4
99.233.64.23	2
99.243.92.33	4
99.253.56.13	2
116.16.15.201	2
116.225.36.57	1
116.30.98.189	12
116.36.99.140	2
117.7.173.163	7
117.7.173.186	6
117.84.15.183	2
117.97.138.66	2
12.144.225.18	1
12.16.164.205	45
12.210.230.92	26
12.214.194.90	3
12.214.203.23	2
121.33.12.116	1
121.34.21.251	51
122.104.90.92	4
122.126.96.16	1
122.169.2.120	45
122.5.130.150	1
122.5.167.149	1
124.115.0.146	3
124.115.0.157	2
124.115.4.191	2
124.170.20.88	2
124.170.99.62	2
124.178.61.10	27
124.186.3.197	23
124.77.87.133	15
124.78.119.95	6
124.94.40.234	71
125.177.43.78	1
125.229.4.108	2
125.27.77.155	1
128.135.215.9	4
128.238.35.93	8
129.241.50.32	1
129.241.50.33	2
129.241.50.35	2
129.42.161.36	1
129.49.37.102	2
129.82.133.13	1
130.236.26.37	18
131.158.223.4	2
131.165.163.1	4
131.191.86.66	23
131.239.68.34	1
134.226.1.194	2
134.58.253.57	2
134.94.243.22	2
136.163.203.3	21
137.204.30.43	24
138.47.40.114	3
139.173.54.12	3
140.95.223.33	49
141.44.224.11	1
141.44.224.75	24
142.150.20.46	2
142.68.23.147	2
142.68.40.108	1
143.48.119.36	2
144.92.16.248	11
144.92.16.249	12
148.145.48.99	1
15.211.153.70	1
15.227.137.70	3
15.243.169.71	1
15.243.169.73	1
151.13.37.150	1
151.188.0.135	1
151.199.20.66	1
151.21.240.48	2
151.42.79.109	53
151.47.35.244	3
151.48.123.70	14
151.49.42.244	4
151.50.164.76	25
151.58.37.104	2
151.74.255.80	34
151.84.16.129	2
156.56.199.60	1
157.82.13.201	23
160.114.38.82	1
164.77.239.76	23
165.21.154.91	1
165.21.155.68	1
166.104.54.15	23
166.70.17.210	23
169.3.170.120	2
170.35.224.64	1
170.35.224.65	25
171.159.64.10	1
171.21.80.126	1
189.13.110.83	27
189.134.53.62	23
189.136.73.12	2
189.140.47.93	1
189.149.106.5	2
189.41.130.17	1
189.46.225.95	4
189.68.162.45	2
190.156.32.53	1
190.40.222.28	3
190.41.16.235	8
190.75.24.136	1
192.169.41.33	4
192.169.41.34	2
192.169.41.37	6
192.169.41.40	3
192.169.41.42	2
192.169.41.44	5
192.169.41.45	2
192.169.41.46	2
192.169.41.47	4
192.70.218.25	13
192.88.11.201	2
192.93.158.26	1
193.131.2.146	7
193.136.60.13	2
193.140.73.83	1
193.174.68.13	2
193.33.233.38	5
193.34.186.17	23
193.51.109.69	23
193.51.84.193	2
193.93.162.46	5
194.145.88.26	31
194.209.8.142	1
194.225.235.6	1
194.225.61.17	1
194.57.171.11	2
194.96.71.162	2
195.10.45.139	2
195.137.34.86	23
195.138.99.62	2
195.208.22.29	1
195.25.48.253	1
195.33.105.17	1
195.37.59.194	1
195.49.42.250	11
195.5.135.250	11
195.57.192.25	3
195.58.83.169	74
195.62.18.158	24
195.68.113.21	13
195.93.21.101	2
196.207.32.37	28
198.172.200.5	6
199.5.231.240	2
200.204.77.46	192
200.220.156.9	3
200.47.15.243	4
200.69.22.146	23
200.98.194.19	1
200.98.194.20	4
201.134.177.1	28
201.216.215.9	2
201.27.167.59	1
201.29.147.93	2
201.43.46.226	1
201.43.47.125	1
201.58.64.195	2
201.67.136.72	3
201.68.123.23	1
201.70.93.215	4
201.81.168.19	4
201.9.150.132	1
201.93.194.92	1
201.93.225.78	1
201.95.44.159	1
202.102.48.62	10
202.105.67.43	24
202.123.15.95	3
202.144.44.90	3
202.153.61.99	1
202.156.12.12	24
202.182.48.27	25
202.41.205.66	21
202.41.205.71	65
202.46.138.23	2
202.56.138.87	1
202.69.208.99	2
202.7.166.164	1
202.7.166.170	4
202.94.134.91	5
202.96.51.161	2
203.120.68.66	3
203.120.68.69	4
203.120.68.71	5
203.120.68.72	4
203.120.68.73	3
203.120.68.75	1
203.121.131.3	2
203.126.210.2	1
203.197.25.11	2
203.213.7.130	2
203.226.24.85	21
203.26.24.211	2
203.48.147.66	27
203.59.253.33	2
203.84.179.68	4
203.89.165.26	2
203.91.91.202	47
203.92.196.11	1
204.11.190.33	2
204.15.39.170	23
204.15.39.195	23
204.42.175.35	2
205.234.97.91	4
206.123.14.21	4
206.132.198.6	3
206.171.221.5	1
206.253.25.68	3
207.200.62.86	3
207.45.248.18	1
207.46.169.61	3
207.5.158.150	28
208.69.225.48	22
208.70.29.172	1
208.70.29.184	2
208.70.29.187	1
208.70.29.203	1
208.70.29.206	1
208.70.29.210	1
208.70.29.238	1
208.80.193.33	1
208.80.193.38	2
208.80.193.48	1
208.96.10.200	2
209.150.51.28	1
209.17.176.25	1
209.212.80.94	1
209.217.92.28	2
209.249.86.17	3
209.50.21.194	2
209.62.68.194	2
209.85.238.25	57
210.214.84.42	1
210.3.241.226	1
210.49.141.36	24
210.80.80.146	2
211.117.62.81	1
211.233.92.72	16
211.255.183.5	26
211.28.170.81	23
211.94.161.66	1
212.0.109.103	1
212.111.66.27	2
212.16.161.87	2
212.17.205.98	4
212.176.93.70	2
212.179.71.70	25
212.23.187.22	2
212.5.210.202	3
212.74.240.27	2
212.98.163.87	19
213.10.10.206	25
213.130.18.55	2
213.132.254.2	25
213.132.46.66	3
213.140.22.73	1
213.161.4.189	2
213.186.34.25	78
213.212.54.66	23
213.22.214.32	24
213.33.187.51	25
213.42.21.150	24
213.44.67.162	26
213.55.73.128	4
213.55.73.155	4
213.6.216.228	1
213.67.248.60	1
213.7.126.250	3
213.77.20.131	2
213.84.114.21	1
213.87.33.174	3
213.94.210.30	1
216.171.98.77	2
216.245.50.34	32
216.40.222.50	3
216.92.127.32	1
217.111.75.13	20
217.120.10.32	8
217.126.4.195	2
217.133.29.74	29
217.136.3.244	4
217.174.43.20	1
217.175.91.49	31
217.180.32.12	2
217.20.95.146	5
217.30.16.253	1
217.43.122.59	1
217.44.36.103	22
217.91.48.127	4
217.95.235.24	4
217.95.41.150	24
218.12.194.18	2
218.215.26.15	2
218.215.5.227	2
218.234.21.33	3
218.249.83.87	2
218.57.11.112	1
218.64.91.156	25
218.83.94.195	2
219.128.51.34	22
219.130.88.77	23
219.142.53.33	2
219.223.222.5	2
219.239.89.68	1
219.79.62.145	3
220.130.6.211	1
220.134.64.99	1
220.168.55.42	1
220.181.18.77	4
220.224.80.61	2
220.227.8.162	4
220.233.11.63	2
221.12.147.80	1
221.218.248.2	27
221.31.54.177	22
222.128.54.52	1
222.137.45.35	8
222.211.53.18	24
222.221.6.144	1
222.33.76.187	11
222.84.91.219	1
24.116.190.49	3
24.13.135.227	24
24.144.144.36	4
24.165.162.98	3
24.169.155.60	3
24.171.77.224	2
24.18.104.141	4
24.180.194.39	1
24.181.239.39	2
24.192.182.21	1
24.207.107.93	1
24.215.196.78	2
24.247.59.192	2
24.254.126.63	4
24.28.155.154	24
24.40.131.188	2
24.62.100.196	2
24.67.235.252	3
24.71.223.142	2
24.73.106.218	4
24.78.238.116	36
24.87.111.233	26
24.93.202.240	24
24.97.135.114	1
32.97.110.142	3
38.115.131.10	1
38.99.165.162	2
38.99.203.110	37
41.205.205.79	25
41.224.199.26	1
58.153.70.180	2
58.171.77.224	26
58.178.209.41	1
58.218.65.104	23
58.60.252.110	23
58.69.221.136	47
59.101.149.47	3
59.115.12.221	1
59.125.63.250	31
59.161.154.24	89
59.167.240.83	34
59.176.34.254	3
59.178.111.45	5
59.35.253.249	2
59.35.255.175	6
59.42.134.187	1
59.93.166.166	1
60.161.76.254	1
60.176.42.178	2
60.190.240.68	1
60.190.240.76	1
60.213.44.108	1
60.234.131.49	1
60.234.138.35	4
60.234.197.35	2
60.245.89.161	4
60.50.109.186	1
61.135.166.81	2
61.135.166.85	1
61.135.190.54	2
61.17.200.216	1
61.179.124.84	1
61.18.170.164	1
61.229.170.22	4
61.28.162.226	1
62.103.24.163	1
62.103.29.213	1
62.104.184.40	4
62.112.192.11	5
62.128.194.72	2
62.147.216.29	28
62.163.32.151	2
62.172.214.34	2
62.202.19.211	24
62.202.26.169	1
62.206.76.114	1
62.210.217.49	52
62.219.208.66	1
62.38.150.195	21
62.40.175.112	3
62.72.121.162	1
63.135.22.255	5
63.161.243.90	23
63.173.32.162	4
63.198.218.74	22
63.208.162.28	1
63.209.11.128	4
63.240.26.119	1
63.245.61.151	27
63.254.74.220	49
64.12.116.205	1
64.124.85.213	2
64.129.157.54	2
64.129.167.42	3
64.129.167.45	23
64.162.183.71	2
64.179.44.164	1
64.182.120.25	18
64.241.183.14	3
64.34.145.194	5
64.34.145.195	2
64.34.145.196	6
64.34.145.197	3
64.34.145.198	2
64.34.145.200	10
64.34.145.201	4
64.34.170.142	2
64.61.113.146	24
64.79.215.110	1
64.81.131.229	24
64.91.169.217	4
64.92.161.114	1
64.92.172.186	7
65.161.183.15	3
65.161.188.11	1
65.214.44.193	9
65.214.44.200	3
65.214.45.175	16
65.221.14.193	1
65.223.61.122	2
65.244.80.195	2
65.55.165.121	2
65.55.235.139	2
66.108.225.54	2
66.109.88.252	2
66.119.169.79	2
66.161.141.82	2
66.167.91.129	7
66.184.41.195	2
66.195.77.130	3
66.199.244.34	5
66.199.250.98	4
66.230.73.130	23
66.231.188.70	1
66.234.226.48	1
66.241.89.149	3
66.244.233.43	26
66.31.206.193	1
66.36.243.210	1
66.46.217.132	1
66.77.174.126	2
66.79.162.102	1
66.84.183.178	1
66.92.153.138	1
66.96.238.133	2
67.101.41.156	18
67.11.194.155	3
67.142.130.40	1
67.142.130.49	36
67.167.140.27	28
67.168.88.233	1
67.171.89.111	26
67.180.74.244	2
67.182.187.79	4
67.186.61.125	2
67.202.26.144	2
67.202.26.202	2
67.214.238.75	2
67.43.164.250	1
67.78.116.148	26
67.84.106.242	23
67.97.251.162	7
68.101.54.186	2
68.109.193.95	51
68.110.120.51	2
68.121.164.99	1
68.122.161.26	26
68.125.219.69	22
68.126.43.162	49
68.146.42.124	1
68.148.92.130	2
68.161.57.112	24
68.17.216.164	2
68.17.246.229	4
68.197.54.142	23
68.204.112.55	1
68.221.32.236	45
68.222.182.49	1
68.225.90.250	2
68.230.20.146	3
68.231.88.241	31
68.243.99.116	3
68.30.246.108	1
68.32.238.214	3
68.35.147.172	1
68.37.135.201	1
68.39.187.211	1
68.45.116.165	3
68.52.206.231	56
68.81.255.178	2
69.105.225.11	3
69.110.31.166	3
69.112.98.246	1
69.113.197.83	2
69.114.71.154	2
69.120.32.222	1
69.136.44.213	1
69.142.38.186	46
69.147.79.174	2
69.18.251.193	3
69.203.86.219	1
69.21.118.226	3
69.218.207.53	1
69.221.36.109	3
69.225.23.192	31
69.225.31.125	2
69.251.226.62	3
69.56.198.226	4
69.59.142.172	2
69.61.254.101	1
69.70.132.247	2
69.72.149.249	2
70.107.81.238	24
70.111.39.181	23
70.123.171.14	3
70.147.23.197	23
70.157.16.137	2
70.167.64.114	46
70.169.144.16	4
70.169.66.194	1
70.177.53.132	25
70.181.32.198	23
70.197.208.14	1
70.225.134.43	1
70.225.179.54	2
70.230.178.32	5
70.233.75.180	1
70.234.103.59	2
70.240.77.108	24
70.241.136.69	24
70.252.74.172	2
70.50.142.244	2
70.51.134.245	24
70.84.183.106	6
70.86.145.221	3
70.88.155.107	11
70.92.177.192	2
71.113.140.98	2
71.114.56.232	2
71.117.39.241	23
71.126.230.16	4
71.132.199.86	1
71.161.58.254	1
71.164.18.152	1
71.168.215.16	48
71.168.252.35	68
71.174.202.32	2
71.187.210.10	24
71.194.69.191	1
71.197.66.179	24
71.199.129.57	1
71.202.12.186	4
71.206.88.230	45
71.209.94.134	23
71.210.39.219	22
71.227.17.171	78
71.228.193.49	2
71.232.68.139	1
71.239.94.175	1
71.34.218.189	2
71.72.195.110	6
72.128.102.93	46
72.14.193.166	22
72.145.38.160	1
72.150.31.170	24
72.152.51.195	1
72.161.253.25	23
72.161.51.237	27
72.17.136.226	3
72.17.136.229	23
72.178.245.98	3
72.179.172.44	1
72.191.14.208	1
72.196.209.10	1
72.213.56.208	24
72.222.218.63	23
72.224.22.252	26
72.232.216.42	4
72.234.24.140	74
72.237.206.76	1
72.243.254.10	27
72.248.114.66	2
72.30.179.234	2
72.30.215.109	2
72.30.226.171	4
72.36.141.122	1
72.36.180.234	1
72.37.171.100	1
72.43.248.216	23
72.55.146.215	2
72.77.152.126	2
74.12.101.179	2
74.133.28.242	2
74.15.185.245	2
74.166.14.154	2
74.194.103.41	1
74.225.50.121	46
74.34.203.155	1
74.35.252.253	23
74.52.245.146	1
74.57.157.203	2
74.67.214.111	2
74.72.128.239	2
74.73.230.219	3
74.73.235.233	1
74.74.226.148	2
74.93.129.121	24
74.95.194.174	24
75.107.10.236	5
75.107.36.128	1
75.117.202.94	2
75.144.208.74	3
75.146.107.38	4
75.146.46.249	3
75.146.51.157	2
75.148.50.114	3
75.161.121.58	24
75.162.15.120	2
75.18.124.154	4
75.25.140.190	2
75.31.160.146	2
75.36.140.103	1
75.36.172.202	3
75.39.224.234	26
75.45.119.200	1
75.52.206.149	24
75.66.189.234	2
75.73.113.253	24
75.82.132.188	1
75.84.172.187	2
75.90.208.168	4
76.100.252.78	4
76.103.103.31	2
76.106.15.244	29
76.123.123.44	2
76.168.53.226	2
76.185.16.198	4
76.186.159.94	2
76.187.87.198	1
76.19.139.162	2
76.200.185.66	1
76.223.15.236	3
76.240.83.208	24
76.26.102.127	1
76.27.110.243	24
76.29.237.255	3
76.73.153.251	3
76.81.140.215	116
76.86.120.121	2
76.89.183.224	24
76.89.252.245	2
76.90.137.210	2
76.97.252.202	2
76.99.239.136	23
77.103.37.237	94
77.122.205.49	2
77.130.43.137	23
77.176.189.76	1
77.176.59.123	23
77.177.150.67	25
77.180.241.30	23
77.192.171.30	29
77.194.212.37	2
77.194.85.234	24
77.196.147.41	2
77.201.36.144	24
77.216.94.132	1
77.217.98.150	2
77.242.167.54	4
77.79.157.205	4
78.148.89.228	24
78.176.94.253	2
78.20.179.224	24
78.63.237.142	2
78.98.243.182	1
79.12.201.236	22
79.125.150.21	1
79.126.21.232	1
79.13.188.183	2
79.17.114.132	1
79.17.114.238	1
79.173.80.243	4
79.177.146.56	2
79.192.211.60	15
79.207.246.32	25
79.214.243.95	22
79.68.126.174	22
79.76.231.119	2
80.109.220.83	1
80.125.176.34	2
80.126.138.14	47
80.129.68.213	1
80.132.248.20	25
80.134.240.57	1
80.134.66.100	29
80.167.205.75	2
80.176.83.242	26
80.181.20.102	13
80.185.236.20	1
80.188.75.194	1
80.200.139.98	26
80.219.88.115	8
80.229.12.194	25
80.239.25.106	23
80.245.147.81	23
80.33.196.123	6
80.34.229.241	4
80.55.242.202	24
80.59.223.205	23
80.64.152.185	1
80.64.153.235	1
80.70.228.161	22
80.80.111.129	60
80.82.158.145	26
80.82.160.226	23
80.99.152.192	1
81.132.123.61	1
81.146.64.180	45
81.149.197.21	2
81.149.57.148	24
81.151.25.170	5
81.152.198.22	2
81.153.164.81	1
81.157.203.25	50
81.158.225.22	1
81.169.147.27	2
81.169.154.94	1
81.173.176.83	95
81.174.130.32	46
81.174.163.43	1
81.183.191.96	1
81.189.27.175	2
81.206.114.20	2
81.206.72.171	2
81.208.74.185	5
81.208.74.188	2
81.211.50.137	1
81.227.141.45	3
81.235.28.180	4
81.236.128.34	1
81.248.113.43	2
81.248.154.84	2
81.45.222.193	24
81.56.234.158	2
81.56.240.193	73
81.57.109.132	229
81.67.194.238	2
81.75.253.131	1
81.77.112.158	1
82.115.54.243	1
82.120.160.42	2
82.120.172.84	2
82.120.209.97	2
82.124.229.44	1
82.124.242.19	1
82.125.179.61	23
82.133.122.17	2
82.134.148.21	23
82.152.41.185	23
82.153.252.37	1
82.166.163.10	2
82.171.10.210	2
82.171.85.233	24
82.172.102.47	23
82.200.176.77	3
82.210.118.97	1
82.213.16.144	2
82.224.235.64	2
82.225.227.84	1
82.228.86.207	2
82.229.108.34	19
82.230.45.108	1
82.231.77.223	24
82.241.205.39	8
82.242.243.59	2
82.243.73.106	2
82.252.206.89	1
82.39.206.134	125
82.50.253.217	2
82.51.198.126	23
82.54.115.146	1
82.54.115.231	5
82.56.157.177	2
82.57.252.223	70
82.65.128.178	2
82.66.198.105	3
82.67.132.184	4
82.69.123.145	3
82.72.112.192	24
83.114.108.65	2
83.118.16.126	2
83.152.81.115	48
83.182.211.30	3
83.184.186.38	2
83.205.86.187	1
83.218.64.196	1
83.220.40.141	2
83.222.23.233	10
83.226.131.96	1
83.24.138.190	3
83.244.154.99	24
83.27.160.168	1
83.41.202.129	4
83.58.177.136	2
83.76.194.206	22
83.77.248.236	2
83.77.252.130	1
83.91.250.247	1
84.104.108.83	24
84.119.68.203	2
84.14.112.202	25
84.141.105.73	1
84.141.154.63	24
84.141.63.212	4
84.141.66.233	2
84.141.92.127	3
84.141.92.162	4
84.151.246.67	24
84.152.44.242	4
84.167.14.118	44
84.167.59.240	26
84.169.105.19	2
84.171.46.112	24
84.172.91.144	28
84.173.245.75	2
84.177.198.62	1
84.180.45.134	2
84.190.242.72	2
84.197.80.122	1
84.20.171.224	25
84.216.58.141	1
84.226.139.80	1
84.227.11.149	2
84.227.132.98	1
84.228.169.86	8
84.234.56.229	4
84.25.118.132	3
84.40.181.142	25
84.41.155.101	26
84.42.225.138	2
84.44.215.240	23
84.48.150.203	1
84.57.163.238	24
84.59.228.145	2
84.60.212.121	101
84.60.233.211	1
84.66.105.124	24
84.69.254.115	2
84.71.165.179	3
84.72.176.205	24
84.72.176.234	3
84.74.170.232	2
84.82.127.218	2
84.97.179.182	24
85.103.255.65	2
85.114.129.11	1
85.124.140.19	46
85.125.168.19	1
85.141.113.47	14
85.149.64.100	1
85.151.22.195	45
85.172.73.252	6
85.178.99.152	1
85.18.136.111	24
85.182.52.135	27
85.189.216.23	3
85.20.110.216	1
85.224.247.94	24
85.226.197.13	2
85.237.11.186	4
85.25.138.222	1
85.25.140.160	1
85.30.137.118	24
85.33.223.180	2
85.38.164.185	24
85.42.252.194	23
85.54.149.145	22
85.73.225.246	1
85.74.113.104	22
85.96.225.189	1
85.98.122.189	18
86.121.242.80	3
86.124.92.133	2
86.132.144.85	1
86.134.151.40	2
86.136.65.102	2
86.139.248.54	1
86.140.172.75	2
86.140.238.50	24
86.141.86.141	79
86.143.18.193	26
86.145.164.61	2
86.147.200.94	75
86.148.30.221	48
86.15.244.187	23
86.151.42.128	29
86.155.150.12	2
86.157.10.219	24
86.158.128.92	2
86.158.90.209	1
86.159.217.13	24
86.164.32.131	1
86.192.61.208	2
86.194.142.79	2
86.198.72.137	23
86.205.10.183	25
86.210.216.52	1
86.213.115.40	2
86.219.211.27	24
86.57.233.201	1
86.57.255.181	2
86.75.135.195	3
86.83.139.166	17
86.88.108.125	2
86.88.134.129	24
86.90.206.234	66
86.94.196.221	2
87.113.71.232	2
87.116.150.51	4
87.117.17.226	2
87.118.115.69	4
87.118.118.68	10
87.118.120.23	27
87.122.138.41	23
87.122.45.142	2
87.127.197.87	3
87.149.110.17	30
87.168.110.62	23
87.175.95.115	25
87.181.41.221	2
87.187.63.140	1
87.187.67.181	1
87.194.222.45	2
87.194.82.240	23
87.198.230.90	1
87.203.118.11	3
87.227.34.114	2
87.23.151.122	1
87.24.179.149	26
87.240.49.107	26
87.245.102.55	24
87.245.148.68	3
87.253.118.87	5
87.30.111.182	23
87.30.178.176	7
87.64.178.204	24
87.91.247.252	52
87.98.216.168	10
88.12.188.103	2
88.131.106.12	44
88.149.103.91	2
88.161.101.89	25
88.170.222.31	11
88.200.84.132	5
88.214.197.22	1
88.214.208.32	1
88.214.99.117	1
88.215.70.224	1
88.236.105.91	4
88.43.170.146	23
88.46.116.106	1
88.68.165.222	1
88.88.150.224	4
89.105.240.56	2
89.108.91.113	4
89.111.176.86	2
89.118.11.170	3
89.118.228.62	1
89.127.160.50	1
89.138.166.31	29
89.149.195.51	1
89.15.105.215	2
89.159.111.62	52
89.169.187.88	2
89.175.166.12	3
89.178.11.206	5
89.178.214.19	1
89.179.70.189	3
89.182.13.244	28
89.190.169.35	31
89.21.197.243	1
89.232.124.29	1
89.245.218.71	1
89.51.148.192	23
89.53.114.113	1
89.55.113.182	2
89.55.234.138	27
89.84.216.118	2
89.96.174.126	1
90.14.110.134	23
90.14.141.219	27
90.15.103.225	2
90.150.43.253	1
90.184.49.172	1
90.205.24.143	2
90.206.119.19	23
90.206.43.100	3
90.241.57.130	24
90.46.148.191	4
90.48.108.213	24
91.103.25.134	26
91.107.62.193	2
91.108.106.36	2
91.11.206.167	22
91.117.31.160	27
91.127.62.196	1
91.18.224.184	4
91.196.228.12	1
91.34.201.158	2
91.36.114.185	45
91.38.229.175	26
91.52.195.141	24
91.86.100.231	4
91.97.112.188	35
92.113.205.12	24
92.114.130.44	1
92.81.205.229	2
96.229.129.75	3
98.16.175.125	2
98.173.26.142	6
98.192.46.157	25
98.193.214.28	2
98.200.15.145	25
98.206.28.160	5
99.226.84.118	51
99.228.209.90	3
99.234.127.69	2
99.239.116.97	1
99.239.60.237	29
99.247.140.26	23
99.248.59.122	2
116.12.181.126	1
116.24.126.140	1
12.107.244.100	46
12.149.121.152	1
12.150.194.194	24
12.155.201.145	1
12.180.200.105	14
12.191.140.226	3
121.217.157.14	22
121.217.24.222	23
121.218.212.66	24
121.219.113.31	2
121.220.148.91	2
121.45.255.227	3
122.109.23.146	2
122.126.112.48	1
122.126.118.76	1
122.126.118.90	1
122.126.97.183	1
122.129.242.40	2
122.148.47.150	23
122.162.38.181	24
122.167.218.71	2
122.168.25.134	1
122.215.159.81	1
123.232.108.98	2
124.114.55.202	2
124.128.20.100	2
124.170.252.27	2
124.179.206.47	3
124.36.122.132	1
124.64.108.127	1
124.78.104.153	1
124.78.114.203	7
124.82.103.218	2
125.118.227.95	2
125.160.76.247	1
125.164.122.11	1
125.225.74.107	25
125.225.93.202	24
125.62.114.184	1
128.100.40.194	2
128.125.13.117	2
128.138.41.204	1
128.147.248.10	1
128.250.228.88	3
129.22.180.104	2
130.216.30.233	1
130.228.16.193	1
130.236.88.169	24
130.236.89.213	22
130.236.89.221	22
130.236.89.243	24
130.34.104.200	1
131.220.98.100	2
132.181.225.76	2
134.121.92.150	3
134.129.122.95	1
137.112.42.252	2
137.204.155.23	1
139.168.217.74	2
141.133.165.48	5
141.151.95.132	1
142.165.163.47	1
142.166.89.138	4
142.213.160.67	2
143.210.40.221	2
144.131.130.58	23
144.139.35.200	1
148.215.124.61	1
148.64.168.198	55
15.235.153.101	4
150.228.40.137	3
151.11.167.206	28
151.152.101.44	1
151.197.184.14	2
151.197.37.120	1
151.197.53.208	45
151.37.103.113	24
151.77.139.237	1
151.97.221.251	2
154.20.148.104	4
155.246.17.195	1
158.42.252.230	1
159.238.60.134	27
159.238.60.231	26
162.84.236.170	2
163.189.217.40	4
164.125.51.230	5
165.21.154.114	1
165.21.155.108	1
168.216.108.50	1
169.132.18.248	8
169.132.18.249	10
169.229.50.176	3
170.149.100.10	6
171.64.166.136	23
189.141.144.65	3
189.142.19.190	2
189.154.28.221	47
189.18.229.240	23
190.138.159.30	2
190.144.136.50	1
190.154.10.199	2
190.157.57.254	27
190.82.244.174	2
192.44.136.103	2
192.44.136.113	2
193.110.85.248	2
193.138.158.80	8
193.153.42.201	24
193.153.88.187	48
193.212.188.43	6
193.213.33.181	1
193.230.176.58	1
193.234.249.68	1
193.238.213.66	2
193.238.213.69	1
193.238.213.70	1
193.250.36.232	11
193.251.22.240	2
193.252.149.15	8
193.252.149.16	8
193.253.141.80	25
193.253.191.43	2
193.49.146.252	72
193.92.217.186	4
194.114.240.51	38
194.176.105.44	26
194.208.198.74	2
194.224.120.61	25
194.250.177.91	4
194.44.242.184	1
194.73.150.145	23
194.78.170.104	2
195.115.21.210	2
195.128.90.230	22
195.137.60.199	12
195.154.69.143	3
195.174.249.75	2
195.178.192.14	1
195.210.57.124	2
195.33.116.161	1
195.40.131.162	23
195.56.199.119	2
195.78.228.202	3
195.90.162.158	2
196.217.39.178	1
196.25.255.195	2
196.25.255.210	4
196.25.255.214	2
196.25.255.246	1
196.25.255.250	1
196.35.158.180	38
196.35.158.181	26
198.144.171.13	2
198.145.28.240	24
198.146.97.111	1
198.148.155.14	30
198.151.41.204	2
198.184.197.23	7
198.54.202.194	2
198.54.202.195	1
198.54.202.210	4
198.54.202.214	1
198.54.202.218	1
198.54.202.226	4
198.54.202.234	9
198.54.202.246	2
198.54.202.250	1
198.63.210.108	1
199.126.153.25	24
199.171.110.85	2
200.102.138.94	1
200.123.67.172	2
200.150.52.117	2
200.166.237.10	1
200.189.112.21	4
200.208.85.164	2
200.41.233.154	2
200.62.215.235	1
200.88.101.168	73
201.211.69.201	1
201.227.244.81	2
201.238.192.35	8
201.79.141.235	2
201.80.140.213	46
201.80.226.155	23
201.83.159.104	17
201.92.162.241	1
202.104.158.36	23
202.125.143.65	1
202.125.143.66	4
202.144.154.83	22
202.154.167.20	1
202.160.178.28	2
202.160.178.46	2
202.160.178.47	2
202.160.178.68	1
202.160.179.13	2
202.160.179.70	2
202.160.180.21	1
202.160.180.70	16
202.160.180.83	1
202.163.208.50	40
202.163.208.51	18
202.163.91.249	23
202.164.182.34	34
202.179.180.45	3
202.70.121.196	25
202.96.159.254	5
203.144.143.10	2
203.144.143.11	1
203.158.207.31	1
203.158.207.32	1
203.161.69.112	1
203.166.123.34	35
203.177.240.23	7
203.190.160.66	2
203.206.108.67	2
203.218.234.65	2
204.116.227.32	23
204.187.63.106	2
204.214.30.158	2
205.150.254.10	87
205.188.116.17	1
205.188.117.17	1
205.201.119.65	1
205.234.213.12	4
206.114.23.200	1
206.183.29.218	26
206.51.238.118	1
207.109.18.114	24
207.138.92.122	22
207.159.17.194	25
207.162.228.14	1
207.172.248.72	1
207.172.81.209	2
207.200.81.166	1
207.226.45.242	10
207.34.105.182	2
207.67.117.178	2
207.81.158.165	1
208.49.194.226	24
208.61.108.206	2
208.66.211.158	26
208.71.174.125	4
208.74.182.198	2
209.106.86.122	1
209.128.93.229	5
209.132.240.35	1
209.159.243.91	1
209.161.245.50	22
209.170.133.31	1
209.195.87.124	2
209.240.42.253	9
209.249.86.210	4
209.50.174.179	2
209.60.224.119	2
210.176.86.217	1
210.193.238.90	2
210.218.220.72	5
210.22.158.132	1
210.221.49.117	23
210.51.191.112	1
211.176.61.151	1
211.233.79.172	1
211.75.190.163	1
212.115.231.36	3
212.143.57.176	2
212.150.128.10	1
212.156.216.53	41
212.183.39.179	4
212.195.185.17	2
212.199.60.162	2
212.199.60.163	32
212.209.194.26	1
212.234.239.33	2
212.239.120.26	45
212.31.102.235	3
212.38.118.214	1
212.40.113.159	1
212.54.193.196	2
212.67.185.160	3
213.112.228.81	2
213.130.100.94	2
213.138.105.50	1
213.140.21.235	23
213.145.165.82	1
213.172.40.123	3
213.180.137.71	2
213.194.153.30	4
213.196.157.52	1
213.197.11.197	2
213.223.209.41	2
213.246.66.168	2
213.255.27.129	1
213.53.164.236	2
213.98.157.164	1
216.101.253.95	2
216.113.181.67	1
216.118.97.240	6
216.134.173.52	2
216.195.47.245	1
216.197.96.153	28
216.199.193.18	1
216.24.131.119	8
216.64.169.240	1
216.93.239.125	2
217.128.146.80	1
217.15.143.125	24
217.15.147.109	4
217.150.49.241	1
217.151.131.39	3
217.193.133.46	1
217.208.106.35	4
217.211.108.71	2
217.221.55.186	23
217.226.237.23	26
217.233.50.210	3
217.238.223.36	23
217.35.112.129	19
217.46.212.149	2
217.84.242.234	22
217.87.226.197	1
217.87.230.230	136
218.160.69.166	1
218.182.134.23	1
218.28.134.202	1
219.110.63.192	2
219.140.59.179	1
219.145.42.107	2
219.38.217.186	1
219.90.100.162	2
220.173.159.57	1
220.180.245.12	1
220.181.38.188	1
220.181.38.212	1
220.181.38.252	10
221.126.123.25	2
221.194.136.25	1
221.218.243.81	3
221.230.120.59	16
222.126.107.93	74
222.128.54.195	1
222.152.166.75	14
222.168.42.147	1
222.174.148.50	27
24.109.255.128	4
24.117.178.222	1
24.123.136.178	49
24.126.196.152	3
24.129.193.212	23
24.137.209.179	55
24.144.146.161	1
24.152.218.233	1
24.155.198.245	1
24.163.179.144	1
24.201.233.132	24
24.202.126.191	2
24.203.117.121	4
24.225.162.100	2
24.236.136.139	24
24.255.114.144	1
38.113.234.180	2
38.113.234.181	6
38.117.134.222	3
41.233.108.156	5
58.105.104.154	2
58.142.116.135	5
58.168.237.218	1
58.177.242.254	1
59.125.232.130	31
59.145.141.110	7
59.178.103.219	27
59.178.113.133	1
59.178.186.158	2
59.189.118.217	54
60.209.112.104	5
60.230.239.170	28
60.248.208.158	26
60.250.164.199	23
61.135.152.194	1
61.135.162.202	3
61.135.166.102	49
61.149.147.129	1
61.189.210.179	1
61.209.255.130	1
61.221.241.178	2
62.131.157.131	23
62.141.102.210	24
62.147.179.238	38
62.160.115.252	5
62.166.191.170	25
62.166.214.187	2
62.166.214.242	6
62.216.206.167	28
62.227.205.187	2
62.245.107.162	14
62.249.226.122	23
63.198.255.126	1
63.246.159.196	12
63.246.159.197	17
63.246.159.198	8
63.246.159.200	20
64.101.155.127	2
64.122.174.162	2
64.132.147.125	2
64.136.204.123	1
64.180.226.227	2
64.202.115.189	2
64.208.172.176	6
64.222.190.192	2
64.233.166.136	11
64.233.178.136	5
64.235.142.167	23
65.209.181.185	2
65.255.224.217	4
66.108.188.149	4
66.108.211.152	23
66.110.152.131	12
66.120.128.163	2
66.127.201.145	3
66.127.253.138	55
66.133.204.176	23
66.142.175.206	1
66.162.230.244	4
66.163.174.211	1
66.194.217.222	2
66.211.252.250	1
66.212.154.190	24
66.231.189.170	1
66.232.125.141	1
66.233.100.182	1
67.101.189.226	2
67.102.111.221	3
67.128.143.138	2
67.160.238.176	1
67.161.217.161	4
67.167.122.219	1
67.169.158.213	24
67.182.177.144	26
67.189.162.243	4
67.190.126.168	3
67.190.174.234	23
68.117.133.127	2
68.124.189.130	25
68.142.212.199	6
68.142.212.208	2
68.144.230.167	24
68.161.106.150	3
68.167.251.209	2
68.179.130.201	2
68.187.157.217	25
68.197.217.238	2
68.221.167.228	23
68.228.209.208	5
68.254.124.227	2
69.107.208.162	1
69.109.117.207	3
69.112.215.172	51
69.129.198.218	2
69.134.233.216	3
69.135.195.110	2
69.145.109.165	27
69.177.166.110	4
69.178.100.217	6
69.178.220.226	25
69.183.198.118	2
69.208.126.254	3
69.228.199.128	4
70.104.255.178	5
70.107.173.191	1
70.137.171.152	25
70.149.132.232	2
70.150.148.227	23
70.157.195.136	2
70.162.128.225	2
70.162.140.169	3
70.169.141.139	2
70.231.233.150	2
70.234.221.132	48
70.238.202.126	2
70.253.204.130	1
71.102.114.194	2
71.112.202.177	2
71.113.217.145	2
71.121.232.127	26
71.125.117.202	2
71.165.255.171	22
71.167.186.125	2
71.187.254.199	2
71.191.243.123	6
71.196.193.125	2
71.198.240.117	57
71.200.102.149	2
71.201.246.207	2
71.218.166.241	25
71.223.136.104	2
71.225.160.165	1
71.232.128.183	28
71.233.120.193	10
71.233.248.152	3
71.234.243.213	1
71.238.247.140	2
71.239.173.236	47
71.249.163.144	1
71.249.241.240	4
72.148.234.199	3
72.153.123.194	6
72.156.102.183	24
72.164.167.156	1
72.164.170.242	2
72.165.255.195	1
72.188.124.212	2
72.200.216.155	1
72.219.140.162	2
72.227.188.251	4
72.232.199.170	6
74.129.205.130	5
74.184.224.251	5
74.192.255.133	4
74.218.177.154	1
74.232.145.157	3
74.237.122.134	2
74.238.136.198	1
75.110.161.227	4
75.126.191.138	2
75.128.254.247	2
75.139.138.209	47
75.165.156.146	1
75.180.216.100	2
76.100.141.167	4
76.103.190.239	2
76.107.135.139	23
76.108.198.197	2
76.108.231.245	6
76.110.215.106	20
76.116.209.160	2
76.122.150.139	28
76.123.134.245	4
76.167.134.215	1
76.167.204.212	2
76.171.208.251	3
76.176.114.242	24
76.181.132.147	1
76.185.129.195	1
76.189.187.151	1
76.190.180.110	1
76.194.224.243	4
76.195.118.196	4
76.212.214.235	1
77.176.239.108	1
77.177.132.222	2
77.178.194.144	1
77.179.130.146	23
77.201.248.153	1
77.205.173.111	2
77.242.110.148	2
78.113.173.246	26
78.137.163.133	51
78.146.182.152	6
78.162.221.246	1
79.166.100.134	1
79.177.112.225	2
79.211.235.146	2
79.213.165.104	2
80.121.189.126	57
80.125.177.239	2
80.127.124.230	25
80.128.240.226	2
80.129.109.127	1
80.129.113.190	1
80.130.113.198	2
80.130.235.149	1
80.131.225.131	23
80.138.200.142	2
80.178.151.157	23
80.178.211.150	4
80.180.214.112	2
80.189.254.157	1
80.195.184.175	1
80.197.178.178	2
80.200.116.184	1
80.200.125.228	24
80.205.237.234	22
80.229.151.196	45
80.254.112.201	1
81.137.229.179	1
81.138.201.230	1
81.149.121.104	1
81.169.237.113	1
81.171.197.162	1
81.178.206.225	26
81.233.117.148	2
81.235.229.164	28
81.243.217.140	23
81.246.230.117	83
81.250.171.194	1
82.111.133.190	2
82.120.176.216	27
82.120.238.126	70
82.124.212.162	46
82.124.233.161	1
82.155.153.156	1
82.159.126.204	1
82.162.226.230	3
82.165.186.123	2
82.169.201.186	24
82.206.166.146	48
82.208.151.135	25
82.209.210.250	6
82.209.237.214	1
82.210.108.247	1
82.210.237.159	3
82.226.152.158	1
82.227.146.101	1
82.231.122.118	2
82.232.123.124	35
82.232.201.126	2
82.232.245.223	1
82.233.157.150	2
82.236.101.225	70
82.236.208.199	20
82.238.149.176	2
82.241.150.247	25
82.244.162.166	23
82.247.100.104	1
82.249.246.106	1
82.253.175.173	32
83.112.112.225	2
83.141.159.123	24
83.167.112.229	17
83.173.228.132	22
83.189.131.162	23
83.190.197.182	3
83.196.184.238	28
83.204.234.250	2
83.211.195.161	1
83.215.233.145	2
83.225.182.131	26
83.226.222.173	3
83.228.144.166	2
83.229.145.130	25
83.233.167.169	2
83.237.125.164	4
83.237.176.195	1
84.104.155.224	1
84.104.186.243	3
84.115.157.192	2
84.129.179.148	27
84.141.113.105	2
84.141.122.138	2
84.146.202.181	23
84.151.208.124	26
84.151.244.242	127
84.151.247.154	47
84.153.108.227	2
84.153.222.122	27
84.156.222.154	24
84.159.139.139	2
84.159.142.153	2
84.162.248.159	2
84.162.252.172	2
84.163.113.113	22
84.168.191.243	24
84.177.238.202	2
84.186.123.195	23
84.188.168.150	23
84.190.208.144	2
84.191.227.202	2
84.202.131.141	23
84.220.114.166	1
84.222.115.232	1
84.255.240.128	27
85.114.130.184	2
85.119.130.132	1
85.133.141.143	1
85.140.107.157	47
85.142.194.160	21
85.146.168.137	1
85.147.193.228	4
85.158.137.195	1
85.176.237.100	1
85.177.247.131	48
85.178.149.218	3
85.178.207.118	2
85.178.248.103	1
85.226.196.158	2
85.227.187.177	23
85.240.142.145	23
86.107.186.149	1
86.107.203.150	8
86.110.225.184	3
86.128.166.219	3
86.128.253.215	2
86.132.136.211	93
86.135.238.123	1
86.145.170.171	1
86.154.143.106	45
86.155.206.217	2
86.194.158.160	2
86.194.158.217	1
86.213.208.224	24
86.217.203.173	22
86.218.106.192	2
86.220.192.233	2
87.118.105.235	1
87.118.110.212	2
87.118.116.101	3
87.118.120.204	1
87.123.217.141	3
87.123.235.126	27
87.127.109.162	1
87.167.228.113	1
87.174.146.133	23
87.175.241.214	1
87.178.115.110	25
87.180.102.117	24
87.185.177.205	25
87.187.100.166	1
87.237.114.251	4
87.249.179.201	3
88.105.255.166	1
88.116.155.230	1
88.166.241.183	22
88.167.108.132	22
88.171.189.237	2
88.202.127.227	5
88.204.226.186	1
88.206.130.134	25
88.207.163.183	23
88.208.222.123	1
88.214.102.148	5
88.241.195.185	23
88.242.152.211	3
88.246.154.238	32
88.249.232.246	1
89.105.150.193	1
89.105.240.221	2
89.129.158.222	1
89.139.194.213	26
89.149.214.132	2
89.189.143.208	2
89.216.156.115	1
89.245.217.146	1
90.198.222.141	2
90.207.110.178	25
90.240.115.179	1
91.108.145.185	2
91.125.251.248	2
92.113.135.205	24
92.113.158.222	24
92.113.197.220	39
96.228.144.148	2
98.197.106.110	2
99.231.214.200	25
99.238.250.128	1
99.245.202.129	6
99.248.113.207	2
116.207.128.187	24
118.100.101.120	1
122.107.144.151	4
122.126.100.159	1
122.126.112.152	1
122.126.113.131	1
122.126.115.166	1
122.126.116.123	1
122.126.117.140	1
122.126.122.201	1
122.126.126.143	1
122.161.108.162	15
122.163.140.179	23
122.167.234.168	5
124.106.217.220	4
124.157.170.132	1
124.170.132.236	34
124.170.156.152	1
124.170.222.127	1
124.178.230.168	1
124.200.172.177	8
125.116.169.139	1
125.160.234.227	2
125.209.115.137	24
128.135.197.124	1
129.241.104.175	1
129.241.104.183	1
129.241.104.188	1
129.241.104.189	2
137.164.164.110	24
140.203.154.189	2
142.179.222.218	1
143.244.252.194	3
147.188.254.230	2
148.235.147.226	3
148.244.159.220	1
148.245.144.179	2
149.254.192.195	2
151.197.208.137	1
151.198.146.181	1
155.207.255.238	3
157.225.178.103	1
159.149.111.222	2
162.115.172.120	1
164.116.205.189	3
169.158.224.133	4
172.216.218.160	2
189.134.180.153	2
189.163.244.137	1
193.141.152.250	2
193.152.205.159	2
193.153.173.221	2
193.200.193.118	4
193.205.213.166	34
193.231.163.222	2
193.239.202.136	2
194.110.253.218	22
194.154.149.197	1
194.166.220.118	58
194.166.237.241	3
194.175.243.100	4
194.206.147.189	2
194.242.102.250	1
194.242.148.252	2
194.250.173.169	7
194.250.193.251	2
195.131.150.117	117
195.137.120.118	3
195.137.237.130	4
195.189.226.206	1
195.198.194.183	24
195.229.236.247	1
195.229.241.182	10
195.241.111.111	47
196.206.110.243	1
198.232.129.254	24
200.105.135.198	23
200.141.173.239	2
201.130.101.210	23
201.170.165.111	2
201.220.119.158	1
201.230.200.199	23
201.235.161.100	2
202.108.255.162	2
202.152.243.202	1
202.160.178.101	6
202.160.178.103	2
202.160.178.117	1
202.160.178.144	2
202.160.178.146	2
202.160.178.179	2
202.160.178.183	2
202.160.178.185	2
202.160.178.202	1
202.160.178.226	1
202.160.178.234	1
202.160.179.125	1
202.160.180.125	2
202.160.180.133	1
202.160.180.143	1
202.160.180.161	1
202.160.180.170	1
202.160.180.189	2
202.160.180.211	2
202.160.180.213	2
203.109.220.240	1
203.113.116.114	1
203.126.130.140	2
203.131.141.235	59
203.144.160.249	1
203.144.160.250	3
203.173.151.141	73
203.187.235.106	1
203.188.226.166	47
203.206.127.168	2
203.206.181.214	2
205.188.116.142	1
205.217.242.210	1
205.233.199.188	3
206.186.238.138	23
207.107.229.254	2
207.134.102.142	90
207.200.116.131	1
207.210.228.121	1
208.109.185.172	4
208.109.254.168	1
208.223.208.181	1
209.122.189.106	2
209.139.234.130	4
209.163.133.202	1
209.172.240.253	23
209.172.240.254	2
209.191.126.189	1
209.195.148.173	1
209.195.158.111	2
209.216.233.210	2
209.221.240.193	24
209.250.239.250	2
210.118.213.143	2
210.124.122.136	1
210.212.111.130	1
210.212.253.226	1
211.189.163.250	2
212.131.225.230	56
212.149.252.100	3
212.156.216.153	2
212.174.200.186	2
212.179.108.144	2
212.187.116.252	2
212.203.104.226	1
212.204.217.151	1
213.112.160.163	4
213.123.204.143	25
213.138.192.220	6
213.188.166.150	2
213.197.197.133	1
213.249.234.145	1
216.188.253.137	103
216.190.168.242	2
216.191.142.194	1
216.196.174.126	1
216.201.171.226	2
216.201.187.242	3
216.201.192.140	23
216.212.111.181	2
216.230.158.148	45
216.230.158.149	116
216.230.158.150	24
216.230.158.151	30
216.230.158.154	4
217.114.177.251	28
217.118.100.206	2
217.123.247.137	2
217.133.102.176	2
217.133.187.116	1
217.157.131.144	3
217.193.148.123	25
217.204.204.194	2
217.207.200.155	2
217.208.215.212	26
217.211.190.117	47
217.212.224.145	1
217.212.224.179	1
217.217.162.115	1
217.227.183.107	23
217.235.192.211	57
218.208.229.209	8
218.242.128.116	1
218.244.231.141	2
219.166.129.195	1
219.228.126.100	1
220.136.218.167	2
220.147.146.168	2
220.170.189.108	2
220.200.167.224	1
220.225.129.125	38
220.227.144.134	1
220.236.245.124	1
220.245.180.130	1
221.215.113.170	24
221.217.224.181	3
221.253.225.194	1
222.127.196.217	22
